Raleigh,Array,Bikes,Electric Bikes,Electric Hybrid
Raleigh,Centros Tour,Bikes,Electric Bikes,Electric Hybrid
Raleigh,Centros Grand Tour,Bikes,Electric Bikes,Electric Hybrid
Raleigh,Detour iE,Bikes,Electric Bikes,Electric Hybrid
Raleigh,Venture iE,Bikes,Electric Bikes,Electric Hybrid
Raleigh,Retroglide iE,Bikes,Electric Bikes,Electric Hybrid
Raleigh,Sprite iE,Bikes,Electric Bikes,Electric Hybrid
Raleigh,Redux iE,Bikes,Electric Bikes,Electric Hybrid
Raleigh,Tamland iE,Bikes,Electric Bikes,Electric Adventure & Gravel
Raleigh,Lore iE,Bikes,Electric Bikes,Electric Adventure & Gravel
Raleigh,Kodiak iE,Bikes,Electric Bikes,Electric Full Suspension Mountain
Raleigh,Modum,Bikes,Electric Bikes,Electric Cargo
Raleigh,Motus,Bikes,Electric Bikes,Electric Hybrid
Raleigh,Motus Tour,Bikes,Electric Bikes,Electric Hybrid
Raleigh,Motus Grand Tour,Bikes,Electric Bikes,Electric Hybrid
Raleigh,Stow-E-Way,Bikes,Electric Bikes,Electric Folding
Raleigh,Cadent 1,Bikes,Hybrid Bikes,Hybrid Bikes
Raleigh,Cadent 2,Bikes,Hybrid Bikes,Hybrid Bikes
Raleigh,Cadent 3,Bikes,Hybrid Bikes,Hybrid Bikes
Raleigh,Redux 1,Bikes,Hybrid Bikes,Hybrid Bikes
Raleigh,Redux 2,Bikes,Hybrid Bikes,Hybrid Bikes
Raleigh,Detour 1,Bikes,Hybrid Bikes,Hybrid Bikes
Raleigh,Route 1,Bikes,Hybrid Bikes,Hybrid Bikes
Raleigh,Route 2,Bikes,Hybrid Bikes,Hybrid Bikes
Raleigh,Venture 1,Bikes,Hybrid Bikes,Hybrid Bikes
Raleigh,Venture 2,Bikes,Hybrid Bikes,Hybrid Bikes
Raleigh,Strada,Bikes,Hybrid Bikes,Hybrid Bikes
Raleigh,Strada City,Bikes,Hybrid Bikes,Hybrid Bikes
Raleigh,Strada X,Bikes,Hybrid Bikes,Hybrid Bikes
Raleigh,Pioneer Tour,Bikes,Hybrid Bikes,Hybrid Bikes
Raleigh,Pioneer Grand Tour,Bikes,Hybrid Bikes,Hybrid Bikes
Raleigh,Pioneer Trail,Bikes,Hybrid Bikes,Hybrid Bikes
Raleigh,Sherwood,Bikes,Hybrid Bikes,Hybrid Bikes
Raleigh,Willow,Bikes,Hybrid Bikes,Hybrid Bikes
Raleigh,Cameo,Bikes,Hybrid Bikes,Hybrid Bikes
Raleigh,Caprice,Bikes,Hybrid Bikes,Hybrid Bikes
Raleigh,Spirit,Bikes,Hybrid Bikes,Hybrid Bikes
Raleigh,Merit 1,Bikes,Road Bikes,Endurance
Raleigh,Merit 2,Bikes,Road Bikes,Endurance
Raleigh,Merit 3,Bikes,Road Bikes,Endurance
Raleigh,Revere 1,Bikes,Road Bikes,Endurance
Raleigh,Revere 2,Bikes,Road Bikes,Endurance
Raleigh,Revere 3,Bikes,Road Bikes,Endurance
Raleigh,Willard 1,Bikes,Road Bikes,Adventure & Gravel
Raleigh,Willard 2,Bikes,Road Bikes,Adventure & Gravel
Raleigh,Willard 3,Bikes,Road Bikes,Adventure & Gravel
Raleigh,TI-Raleigh 40th Anniversary,Bikes,Road Bikes,Performance & Racing
Raleigh,Talus 1,Bikes,Mountain Bikes,Hardtail
Raleigh,Talus 2,Bikes,Mountain Bikes,Hardtail
Raleigh,Talus 3,Bikes,Mountain Bikes,Hardtail
Raleigh,Lil' Push,Bikes,Kids Bikes,Balance
Raleigh,MXR 12,Bikes,Kids Bikes,12 inch Wheel
Raleigh,MXR 16,Bikes,Kids Bikes,16 inch Wheel
Raleigh,MXR 20,Bikes,Kids Bikes,20 inch Wheel
Raleigh,Jazzi 12,Bikes,Kids Bikes,12 inch Wheel
Raleigh,Jazzi 16,Bikes,Kids Bikes,16 inch Wheel
Raleigh,Jazzi 20,Bikes,Kids Bikes,20 inch Wheel
Raleigh,Pop 12,Bikes,Kids Bikes,12 inch Wheel
Raleigh,Pop 14,Bikes,Kids Bikes,14 inch Wheel
Raleigh,Pop 16,Bikes,Kids Bikes,16 inch Wheel
Raleigh,Pop 18,Bikes,Kids Bikes,18 inch Wheel
Raleigh,Pop 20,Bikes,Kids Bikes,20 inch Wheel
Raleigh,Pop 24,Bikes,Kids Bikes,24 inch Wheel
Raleigh,Pop 26,Bikes,Kids Bikes,26 inch Wheel
Raleigh,Molli 12,Bikes,Kids Bikes,12 inch Wheel
Raleigh,Molli 16,Bikes,Kids Bikes,16 inch Wheel
Raleigh,Eva 24,Bikes,Kids Bikes,24 inch Wheel
Raleigh,Eva 26,Bikes,Kids Bikes,26 inch Wheel
Raleigh,Chopper,Bikes,Kids Bikes,20 inch Wheel
Raleigh,Super Tuff Burner,Bikes,BMX Bikes,BMX Bikes
